{"cameraMode":{"drawMode":0,"name":"Shaded","section":"Shading Mode"},"sceneLighting":true,"audioPlay":false,"sceneViewState":{"m_AlwaysRefresh":true,"showFog":true,"showSkybox":true,"showFlares":true,"showImageEffects":true,"showParticleSystems":true,"showVisualEffectGraphs":true,"m_FxEnabled":false},"in2DMode":false,"pivot":{"x":0.721625566482544,"y":0.952573299407959,"z":0.928354024887085},"rotation":{"x":-0.011732649989426136,"y":0.9155989289283752,"z":-0.4012163579463959,"w":-0.027083802968263627},"size":3.5615527629852297,"orthographic":false}