{"cameraMode":{"drawMode":0,"name":"Shaded","section":"Shading Mode"},"sceneLighting":true,"audioPlay":false,"sceneViewState":{"m_AlwaysRefresh":true,"showFog":true,"showSkybox":true,"showFlares":true,"showImageEffects":true,"showParticleSystems":true,"showVisualEffectGraphs":true,"m_FxEnabled":false},"in2DMode":false,"pivot":{"x":0.7618535161018372,"y":3.2726826667785646,"z":1.9276599884033204},"rotation":{"x":0.008188891224563122,"y":0.8994995951652527,"z":-0.43672049045562746,"w":0.016570450738072397},"size":3.128427267074585,"orthographic":false}