{"cameraMode":{"drawMode":0,"name":"Shaded","section":"Shading Mode"},"sceneLighting":true,"audioPlay":false,"sceneViewState":{"m_AlwaysRefresh":true,"showFog":true,"showSkybox":true,"showFlares":true,"showImageEffects":true,"showParticleSystems":true,"showVisualEffectGraphs":true,"m_FxEnabled":false},"in2DMode":false,"pivot":{"x":0.3348097801208496,"y":0.9088573455810547,"z":-0.1764659881591797},"rotation":{"x":0.004986505955457687,"y":0.9206781387329102,"z":-0.3903350830078125,"w":0.01144473161548376},"size":6.130777359008789,"orthographic":false}