{"cameraMode":{"drawMode":0,"name":"Shaded","section":"Shading Mode"},"sceneLighting":true,"audioPlay":false,"sceneViewState":{"m_AlwaysRefresh":true,"showFog":true,"showSkybox":true,"showFlares":true,"showImageEffects":true,"showParticleSystems":true,"showVisualEffectGraphs":true,"m_FxEnabled":false},"in2DMode":false,"pivot":{"x":0.9151871204376221,"y":-7.391417503356934,"z":3.7765302658081056},"rotation":{"x":-0.5003786087036133,"y":-0.005858318880200386,"z":0.003291359171271324,"w":-0.8658862709999085},"size":6.939410209655762,"orthographic":false}