{"cameraMode":{"drawMode":0,"name":"Shaded","section":"Shading Mode"},"sceneLighting":true,"audioPlay":false,"sceneViewState":{"m_AlwaysRefresh":true,"showFog":true,"showSkybox":true,"showFlares":true,"showImageEffects":true,"showParticleSystems":true,"showVisualEffectGraphs":true,"m_FxEnabled":false},"in2DMode":false,"pivot":{"x":-1.9505430459976197,"y":2.205134391784668,"z":8.41409683227539},"rotation":{"x":-0.18688659369945527,"y":0.014015354216098786,"z":-0.002746636513620615,"w":-0.9823684096336365},"size":9.295403480529786,"orthographic":false}