{"cameraMode":{"drawMode":0,"name":"Shaded","section":"Shading Mode"},"sceneLighting":true,"audioPlay":false,"sceneViewState":{"m_AlwaysRefresh":true,"showFog":true,"showSkybox":true,"showFlares":true,"showImageEffects":true,"showParticleSystems":true,"showVisualEffectGraphs":true,"m_FxEnabled":false},"in2DMode":false,"pivot":{"x":0.3588853180408478,"y":0.8578577041625977,"z":-0.12277698516845703},"rotation":{"x":0.005610442720353603,"y":0.9194847941398621,"z":-0.39308735728263857,"w":0.0128089664503932},"size":6.130777359008789,"orthographic":false}