{"cameraMode":{"drawMode":0,"name":"Shaded","section":"Shading Mode"},"sceneLighting":true,"audioPlay":false,"sceneViewState":{"m_AlwaysRefresh":true,"showFog":true,"showSkybox":true,"showFlares":true,"showImageEffects":true,"showParticleSystems":true,"showVisualEffectGraphs":true,"m_FxEnabled":false},"in2DMode":false,"pivot":{"x":0.833942174911499,"y":-6.425084114074707,"z":5.233623504638672},"rotation":{"x":-0.4448811113834381,"y":-0.0006796013913117349,"z":0.00024715758627280593,"w":-0.8956928253173828},"size":6.939410209655762,"orthographic":false}